0,84.19572,76.13347,0.02723283,-0.3
1,35.165443,50.38666,-0.21690696,-0.10092575
2,72.89572,77.45107,-0.2451917,-0.2401451
3,15.885081,88.03134,-0.18741901,-0.24451898
4,15.612091,84.49022,0.2305707,-0.19363105
5,64.82716,45.029404,-0.29609808,-0.13257773
6,37.184837,81.53825,0.060164496,-0.3
7,84.99738,21.980646,-0.22203784,0.3
8,45.481148,56.155323,-0.12725107,-0.2858506
9,30.710905,46.077816,0.23018609,0.05006876
10,18.141188,76.79905,0.29571608,0.004167735
11,15.7939,76.69089,0.09512961,-0.011556777
12,31.57094,43.489613,0.22713387,-0.061641272
13,30.475422,53.53474,-0.085227735,-0.03245209
14,32.69033,61.24021,0.27395114,-0.29422683
15,82.75321,85.27419,-0.26568037,-0.3
16,48.31518,15.16643,7.91664E-4,0.14422107
17,80.212845,82.57542,0.19576694,-0.3
18,90.19672,21.746153,-0.09116969,0.26992634
19,26.69059,68.5156,0.222943,-0.15719093
20,32.16274,53.227722,0.29007766,0.09371431
21,21.55163,56.318184,-0.03981583,0.019628681
22,48.38282,89.825935,0.11641199,-0.3
23,21.238066,67.1799,0.09210955,-0.2864385
24,16.658247,48.710693,-0.2073175,-0.19012152
25,73.88926,65.13355,0.28036994,-0.24463269
26,27.626583,53.834793,0.06786503,0.0172849
27,1.4709934,15.465467,0.072781205,0.2189425
28,63.412098,60.89075,0.08550777,-0.29599968
29,43.48507,14.13741,-0.09954413,0.23119062
30,45.954163,18.354713,-0.29346415,0.2998883
31,25.500868,54.44118,-0.14820324,-0.05762291
32,53.985146,47.568047,0.0417368,0.20690243
33,14.896226,32.502007,0.0883168,0.3
34,38.607864,49.477962,0.0090419445,-0.3
35,59.714855,14.667047,-0.015623407,0.3
36,80.78711,61.295063,0.21054347,0.24667077
37,23.47017,46.926823,0.102063715,0.28365433
38,45.081062,16.974913,-0.3,0.2898566
39,74.086845,77.15451,-0.23864983,-0.29111078
40,61.987904,13.259347,-0.14167345,0.17348741
41,79.40184,78.6704,-0.019473478,-0.3
42,38.333805,43.156246,0.2345442,-0.12956738
43,26.468317,50.284557,0.28966838,-0.23193632
44,54.53808,47.405785,-0.082012266,0.2629827
45,40.078114,50.15613,0.27741748,-0.032143407
46,36.918472,46.095524,0.22216804,0.08519539
47,55.596626,16.165627,-0.07049946,0.3
48,80.541374,68.76795,0.15805168,-0.26865453
49,38.370422,21.631697,-0.0016886622,0.015912024
50,78.323906,49.411736,-0.038286757,-0.023468949
51,31.310476,47.227947,-0.1304105,-0.08012125
52,3.325613,13.600721,-0.06987115,0.013346432
53,38.604755,21.828314,-0.041333962,-0.05207057
54,30.497744,29.835787,-0.08151157,0.14125824
55,79.87823,42.447067,-0.039934542,0.3
56,59.934395,87.27019,0.02554053,-0.29519102
57,20.94557,66.10676,0.22246411,-0.16089801
58,38.065083,48.11206,0.23026717,0.06316884
59,66.67095,56.250843,-0.22809796,-0.039821114
60,19.816696,18.155909,0.022433905,0.20807537
61,87.6991,13.195035,-0.108060196,0.2743722
62,48.947483,65.39349,0.19030038,-0.3
63,37.004433,17.808353,-0.05868093,-0.07275672
64,23.301538,45.326668,-0.015230324,-0.27003223
65,4.0319567,11.642815,0.11459086,0.10238236
66,23.20809,52.402225,0.3,0.04862392
67,39.41764,54.949955,0.037247024,-0.054079942
68,18.484396,10.58692,-0.014510044,0.19992945
69,79.022095,70.78017,0.28885034,-0.27917853
70,32.69033,61.24021,0.27395114,-0.29422683
71,22.585052,38.219933,0.3,0.22681874
72,86.88243,78.36793,-0.05188371,-0.3
73,31.554869,49.272804,0.26287496,0.002924617
74,74.86013,47.10303,-0.28691044,0.090001166
75,74.1314,57.7503,-0.3,0.15186608
76,30.043001,46.59004,-0.24455586,-0.20620246
77,66.98513,23.635525,0.051861957,0.1966114
78,67.60509,62.81739,-0.16520236,0.19883779
79,43.361828,24.382994,0.24107754,0.07593219
80,45.575787,16.131252,-0.14237885,0.25453034
81,74.97469,51.705437,0.043271683,0.2729018
82,50.94272,46.084694,0.029998004,0.25998855
83,37.875233,46.762775,0.2243905,0.0061115953
84,80.44362,42.47955,0.06538553,0.3
85,28.564613,43.321087,0.08473386,-0.25428522
86,24.93758,49.64164,0.07711831,-0.23732722
87,79.6874,78.88743,-0.05360717,-0.3
88,59.51757,54.532787,0.02173423,-0.18374331
89,28.827194,44.15121,-0.099648036,-0.21762799
90,86.673355,24.470627,-0.19849141,0.24807675
91,85.21653,34.588997,-0.21587871,0.3
92,48.07567,15.840848,-0.2601223,0.05859197
93,12.407641,87.82132,0.056237638,-0.21016301
94,5.951541,13.054041,0.08691819,-0.023388758
95,41.16442,15.200876,-0.29536775,-0.023156498
96,51.83449,46.87389,0.029566092,0.24612847
97,89.53694,9.029645,-0.16238512,0.25675607
98,76.72803,61.125557,0.24468215,0.22376023
99,70.81961,54.550358,-0.08261267,-0.053356975
100,63.434372,57.406796,0.19220549,-0.2689325
101,65.54038,42.51103,0.17721947,-0.17951207
102,56.531815,11.971256,-0.073928714,0.110911354
103,95.985985,24.545238,0.0030905074,0.22831766
104,54.99995,72.501854,0.013275175,-0.28321603
105,43.612713,89.99915,0.13168173,-0.3
106,85.101,10.59092,-0.03190539,0.26458627
107,80.83807,16.262127,-0.086096354,0.21768224
108,74.23548,53.102066,-0.030112473,-0.2991317
109,87.25191,16.588717,-0.28644776,0.22433157
110,58.458443,11.736215,-0.117766745,0.024144871
111,50.592953,50.711437,0.0026887385,-0.28420997
112,19.619562,77.457954,-0.15176542,-0.2440152
113,84.457085,77.220695,0.21529211,-0.3
114,36.030914,45.754475,-0.19390994,-0.2238577
115,76.46061,78.634865,-0.2882862,-0.2876007
116,82.754974,46.51974,0.08418541,0.017172169
117,30.958473,42.972855,-0.010973994,-0.034770306
118,79.6205,33.28489,0.010195027,0.3
119,9.812095,84.25705,-0.050807863,-0.20151706
120,14.736588,72.756325,0.064085044,-0.23118077
121,51.71055,51.659847,-0.031117244,0.17190094
122,67.21267,58.08513,-0.3,-0.09179224
123,79.77848,72.86345,0.2826604,-0.3
124,19.951172,86.31625,0.24937862,0.06470148
125,13.435965,26.929934,0.23226452,0.16114812
126,24.621527,56.958122,-0.102494486,-0.3
127,67.44545,46.247864,0.18638626,-0.27378607
128,43.38973,52.50709,-0.11950537,0.24752283
129,71.46716,47.360653,-0.027479611,0.04621502
130,80.630455,34.784424,-0.12394373,0.29711756
131,40.66361,52.1414,0.27379668,0.14404781
132,78.86391,79.58291,-0.19302662,-0.3
133,34.23467,52.941036,0.3,0.23830679
134,43.63442,60.183075,0.13078657,-0.3
135,32.08387,44.272285,-0.2679526,-0.18067253
136,71.61746,53.438694,-0.2598967,-0.29575852
137,30.958473,42.972855,-0.010973994,-0.034770306
138,43.663292,19.95649,0.19909692,0.11676874
139,16.782633,72.80605,0.13935263,-0.2794587
140,70.58361,54.93739,0.115489244,0.084892854
141,19.247225,52.638542,-0.13538057,0.1665914
142,8.072151,12.156624,-0.10359144,0.084996216
143,86.99228,17.13308,0.069118604,0.27346295
144,72.57173,57.334217,0.22455941,0.17596763
145,71.26112,57.30132,-0.3,0.2116984
146,51.149582,28.169033,-0.19416551,0.17676568
147,80.61269,54.58836,-0.007091904,-0.2162144
148,29.790464,56.365368,0.09574449,0.030129386
149,21.691162,75.893906,0.25348425,-0.1667389
150,79.25763,44.663403,-0.09039307,0.3
151,27.343058,50.88462,-0.22669885,-0.025289446
152,32.69726,43.80797,0.14872795,-0.16418047
153,67.77896,60.4983,-0.12027559,0.19617033
154,43.174076,16.289011,-0.3,0.031641807
155,66.72495,62.571743,-0.3,-0.010886972
156,27.081118,82.32074,-0.050836455,-0.26062182
157,76.45232,60.162785,-0.16462617,-0.2893137
158,65.65524,55.009727,0.22948977,0.22375053
159,49.6693,56.87835,0.124061085,-0.3
160,63.881733,26.161568,-0.10699986,0.2756634
161,33.090702,53.323116,0.199918,-0.29831788
162,26.140564,49.81891,0.29158533,-0.24360992
163,31.3422,46.68059,0.1584229,-0.25620985
164,40.88387,58.704845,0.018098332,0.26379606
165,44.67672,50.01909,-0.1136803,0.25747913
166,41.875614,23.369152,0.15697242,0.07111883
167,64.208466,28.432072,-0.119289756,0.27814543
168,75.91206,55.113827,-0.29956207,0.17829424
169,82.60643,28.558075,-0.037746843,0.29083735
170,16.924212,36.39875,0.19835284,0.3
171,67.14938,56.02558,-0.12702934,-0.08945684
172,31.952124,44.621735,-0.11660136,-0.16964749
173,87.02142,11.108173,0.0030251616,0.28310156
174,28.39002,51.48581,0.13421899,0.065907896
175,19.92811,66.26931,-0.085224956,-0.27663743
176,75.7836,57.902187,0.015037436,0.2085111
177,68.77539,56.21006,0.03930203,0.106987074
178,38.277348,63.539867,0.033909872,-0.2972159
179,23.62286,46.827587,-0.22186193,0.3
180,21.945711,42.215813,0.27203488,-0.21614145
181,91.59119,24.920929,-0.12811396,0.25587592
182,25.560188,48.79724,0.10620118,0.22238487
183,74.121475,61.28209,-0.3,-0.21524923
184,66.09567,49.939075,-0.2533429,0.07411758
185,14.60058,71.043144,-0.076308,-0.24746513
186,16.801172,83.78775,0.24070455,-0.13371089
187,76.783264,55.3212,-0.29466093,0.13348925
188,23.008064,41.469555,-0.19172166,-0.2646437
189,37.605137,71.5324,0.11346246,-0.2851952
190,75.57602,62.592983,-0.23206371,-0.29932654
191,39.065662,46.880207,0.2669314,0.09152022
192,82.30479,58.436478,0.113056935,-0.27366927
193,58.106358,50.6894,0.104127355,-0.061352123
194,23.144499,85.40823,-0.12949702,-0.24575391
195,60.884125,85.30551,-0.046220515,-0.2894082
196,49.186874,17.594036,0.25316453,0.28250596
197,83.23713,58.16962,0.042877402,-0.07265813
198,84.68628,22.175798,-0.2492559,0.15443535
199,78.81413,76.779816,0.23918536,-0.3
200,13.283668,76.76522,-0.12474014,-0.2570249
201,67.51212,60.297165,-0.13276866,0.14601678
202,36.509197,45.115524,0.21074666,0.07301933
203,12.492975,88.610756,0.06651732,0.2068701
204,40.655296,15.675067,-0.01244965,-0.05900062
205,42.536182,52.18462,0.28883466,0.18480578
206,21.905434,45.579174,0.2669159,-0.01905762
207,72.19005,44.527977,-0.25497437,-0.21128514
208,31.3422,46.68059,0.1584229,-0.25620985
209,79.389694,84.95254,-0.26206356,-0.3
210,34.004,43.854515,0.075676665,-0.067063324
211,66.165375,54.89231,0.2511224,-0.25452808
212,43.98986,21.841932,0.19007862,0.2980956
213,52.343,82.59597,0.104069315,-0.3
214,72.3406,31.116358,-0.06724692,0.2762708
215,78.92253,74.33935,-0.17081161,-0.3
216,81.85131,43.19698,-0.13085684,0.3
217,53.034267,80.10955,0.03339949,-0.27058595
218,33.215946,46.30292,-0.20804623,-0.23149657
219,16.801172,83.78775,0.24070455,-0.13371089
220,31.5999,44.293182,-0.14676915,0.3
221,25.560188,48.79724,0.10620118,0.22238487
222,70.5583,53.50464,-0.29287854,0.09547544
223,18.744833,14.463854,0.071318716,0.11240171
224,33.04378,47.273617,0.22868972,0.110548265
225,70.93376,57.325466,-0.3,0.22397475
226,29.044489,48.10595,0.19570383,-0.22298661
227,48.875668,66.21871,0.10588467,-0.3
228,24.30542,42.39549,0.055642106,0.3
229,82.26956,58.775913,-0.016820524,-0.12539479
230,40.080082,13.098929,-0.20148154,0.3
231,19.26111,50.30528,-0.10816561,0.012198147
232,38.582874,69.78024,0.06590348,-0.27866465
233,83.71297,48.01958,0.07175306,-0.08974378
234,25.820345,54.823727,-0.23693155,-0.07798929
235,19.239962,18.959839,0.041907888,0.118778795
236,36.12841,51.274857,0.12735732,0.04351224
237,91.39619,33.07765,-0.093778014,0.26301178
238,82.74039,59.015133,0.06575966,0.16658665
239,14.6768,81.11998,0.3,-0.18117379
240,75.43367,69.37261,-0.15360777,-0.2764752
241,83.908325,42.685345,0.2205082,0.09839498
242,23.621485,41.73311,0.28050566,-0.27144256
243,65.0954,45.080585,0.28676865,-0.16170718
244,14.095535,81.30932,0.24826136,-0.1786946
245,37.990437,23.42066,0.21322651,0.3
246,41.675888,56.368004,-0.25110903,0.09501995
247,26.83095,58.462612,0.12723951,-0.3
248,5.19447,17.735474,0.011377625,0.16313678
249,29.500416,50.32864,-0.18942153,-0.057470005
250,80.017395,41.42896,-0.3,0.3
251,77.35296,59.604584,0.24412628,0.1412749
252,72.01381,57.30485,0.11620354,0.18743151
253,38.149246,18.284359,-0.14376682,4.2862608E-4
254,51.355877,68.45428,0.020859031,-0.3
255,27.27023,56.164845,-0.3,0.060556214
256,23.929667,50.19786,0.28025833,-0.23688129
257,33.620125,58.185364,0.26167378,-0.3
258,37.75863,20.153654,-0.14324501,0.08216295
259,77.355965,59.353336,0.2591302,0.1866606
260,68.693344,51.55518,0.3,-0.0855883
261,71.28711,57.703537,-0.06770446,0.080763094
262,28.730757,55.371895,-0.050686147,0.065692484
263,69.865234,58.1333,-0.28277728,0.18934338
264,19.184078,16.9645,0.19536293,0.24003388
265,43.336876,23.85401,0.090818346,0.009348358
266,58.655766,86.96635,0.14929923,-0.3
267,38.76844,21.136957,0.09532585,-0.08527503
268,46.786007,65.00477,0.22309226,-0.2970693
269,39.690624,63.467354,0.031036695,-0.29706442
270,31.269848,55.6715,0.12075904,0.005508417
271,27.343058,50.88462,-0.22669885,-0.025289446
272,80.58454,20.075903,-0.004367796,0.15816562
273,36.657616,72.53927,0.107823625,-0.2936407
274,70.4251,44.313183,-0.113405,0.2574342
275,63.46783,72.01961,0.18715419,-0.3
276,33.979424,44.049835,0.13223867,-0.20494927
277,4.7439475,11.363534,0.07228699,-0.045737576
278,21.992147,44.09943,-0.026681427,0.3
279,35.837326,71.92171,0.025546879,-0.28889295
280,33.526485,46.42701,0.24007769,0.013792482
281,6.629208,10.239254,-0.026765931,-0.026168095
282,34.731697,56.920177,0.21911629,0.048505962
283,47.31753,53.943012,0.06966435,-0.29285252
284,87.84659,37.188007,-0.14422674,0.3
285,80.78148,58.35271,0.06899528,0.196904
286,62.016796,83.3955,-0.0637543,-0.3
287,35.935017,55.958145,0.20384638,0.08913241
288,67.66199,58.766827,0.2685447,0.2112012
289,17.391365,77.64632,-0.074304365,-0.23879857
290,68.163475,57.556927,0.25350636,-0.20046286
291,22.877945,59.68316,-0.027529424,-0.3
292,37.765423,44.526745,0.09635965,-0.04219651
293,41.56898,27.27183,-0.068859845,0.06714878
294,66.972595,11.25599,-0.07933105,0.1951273
295,79.513916,60.244316,0.19577244,0.23481664
296,75.32009,47.35008,0.05328067,-0.086695746
297,36.055824,71.2664,0.03159358,-0.2352771
298,74.360596,50.43482,-0.3,-0.1970329
299,37.240406,44.779427,0.14798956,-0.06625543
300,32.269115,49.373356,0.2640213,0.01358524
301,76.10263,58.688866,0.09986586,0.21046728
302,21.941534,43.798435,0.2686473,0.11137995
303,73.32388,54.979748,-0.3,0.10054077
304,25.68509,44.252644,0.077054955,-0.23931858
305,82.48156,12.213598,-0.04220133,0.2633593
306,5.3516974,7.2638226,-0.050176878,-0.089268535
307,11.218573,14.3960905,-0.07526916,0.0773195
308,41.875614,23.369152,0.15697242,0.07111883
309,30.68136,48.295315,-0.16947424,-0.09209379
310,15.288525,80.27264,0.21732882,-0.19186176
311,13.187165,84.86098,0.07496738,-0.24151492
312,86.49821,83.479614,-0.20303926,-0.3
313,29.496677,44.367065,-0.23424314,-0.07658961
314,58.481747,45.96593,-0.053615317,0.24820535
315,27.2686,53.258686,-0.04510519,-0.3
316,73.25851,52.57522,-0.100023076,-0.3
317,73.7246,59.213223,-0.3,0.18536933
318,44.03034,13.10914,-0.16553514,0.12738058
319,31.782232,45.135197,-0.022929298,-0.16221449
320,76.89757,51.3424,0.17589305,0.29277351
321,27.698246,42.304127,-0.17872274,-0.18845083
322,72.010994,77.384415,-0.25391698,-0.25403115
323,49.53441,17.357178,0.247128,0.27477473
324,20.216686,46.78864,-0.10972953,0.3
325,30.431574,46.28913,0.28250206,-0.043756526
326,71.65746,62.00378,0.07156871,0.22435349
327,34.89584,53.966713,0.1549278,0.07814405
328,80.29975,63.657204,0.2153016,0.3
329,71.65746,62.00378,0.07156871,0.22435349
330,65.24568,43.892525,0.23919377,-0.18536222
331,30.496809,48.27721,0.030742928,-0.01565847
332,78.50937,67.18734,-0.28326342,-0.22783847
333,85.66416,37.438946,-0.11744505,0.3
334,15.414436,74.53357,0.11975136,-0.3
335,23.521812,41.98038,0.29238176,0.29875877
336,72.8946,59.668915,-0.06150515,0.138574
337,18.981455,37.77287,0.26634112,0.3
338,14.42827,13.409868,-0.026364518,0.111168444
339,72.01381,57.30485,0.11620354,0.18743151
340,22.051699,52.928146,0.3,0.062949196
341,31.310656,45.315834,0.15356016,-0.24183175
342,72.668175,57.1725,-0.3,0.20214656
343,17.120083,10.468741,0.11922188,0.15318489
344,55.663208,29.88849,-0.12724198,0.27077293
345,35.439575,44.05337,0.28042683,-0.2065056
346,37.1214,60.517765,-0.07450071,6.4656255E-5
347,67.6712,52.051167,0.0025694927,-0.18246002
348,52.286476,41.96043,-0.029884465,0.29037538
349,80.18921,43.41251,0.06572925,-0.16181347
350,46.022835,24.4113,0.2636896,0.15493868
351,47.716537,56.700798,0.108054765,-0.2594039
352,32.15328,47.092915,0.25154382,-1.16421725E-4
353,6.5851097,11.0657,-0.11805053,0.091802344
354,24.31825,78.470245,0.20226385,0.05121514
355,51.61798,68.4894,-0.0062580993,-0.2983678
356,81.0981,73.77377,-0.02214579,-0.3
357,21.445967,49.43416,0.26987436,-0.022902226
358,88.77292,10.488587,-0.18946743,0.25024483
359,24.600714,41.47939,-0.040942848,0.29736438
360,19.462473,82.43576,-0.25482512,-0.24388914
361,31.11498,46.560326,-0.028820245,-0.2372327
362,68.89426,54.151134,-0.0980989,-0.14659677
363,48.395782,17.525595,0.08517699,0.20771827
364,89.80341,23.122686,-0.14746702,0.09797857
365,79.73984,69.27868,0.15065159,-0.2673312
366,14.876832,34.53553,0.19180655,0.3
367,69.49089,57.113674,-0.15944713,0.18346432
368,10.053424,83.91531,-0.09895225,-0.18742438
369,38.50034,48.121204,0.24817193,0.018586073
370,84.1563,77.15455,0.17866029,-0.3
371,68.246574,48.62882,-0.081861824,-0.09802374
372,83.52345,77.00831,0.1426162,-0.3
373,30.844328,44.087692,-0.28539127,-0.1623426
374,56.004673,84.00453,0.1620821,-0.19876537
375,69.38637,42.40272,0.1901308,-0.27113974
376,66.02113,47.528603,-0.29446015,-0.061421346
377,15.001469,72.85624,0.3,-0.19238855
378,84.13324,25.928268,-0.2985104,0.28600913
379,54.968792,62.76608,-0.023720648,-0.3
380,23.294811,11.646017,0.03788271,0.25204745
381,82.44495,43.315605,-0.11170505,0.3
382,41.844334,23.372984,0.23264161,0.23806322
383,76.13397,26.33365,-0.3,0.14335483
384,31.057234,49.33369,0.2497789,0.17898262
385,71.60992,63.124577,0.0036577317,0.24280812
386,44.20767,60.30936,0.19035544,-0.3
387,17.44139,77.6473,0.12474612,-0.0039534797
388,71.97605,49.11192,-0.070877194,0.3
389,27.25263,42.16319,-0.09101492,-0.10874203
390,42.259083,51.454967,0.12796539,-0.28545028
391,67.664764,54.21208,-0.14559144,0.27560544
392,83.598526,55.818253,0.05239575,-0.14216487
393,79.67683,51.681324,0.22039616,-0.17877993
394,32.4084,42.20766,-0.2528742,-0.052026957
395,27.184637,50.41417,-0.011594967,0.08050514
396,82.83541,65.09933,-8.1901834E-4,-0.2886116
397,15.444771,72.912476,0.09437408,-0.17294015
398,91.324265,22.783556,-0.0655242,0.2731931
399,72.923096,52.9744,-0.060832873,-0.15944478
400,25.36962,46.397373,-0.13196911,0.3
401,47.64916,21.189981,0.24195075,0.16512306
402,20.458117,39.35273,0.26231995,0.3
403,18.545883,54.317936,-0.017781887,-0.0102146575
404,89.59754,31.817833,-0.12122352,0.27070022
405,69.61849,42.414032,-0.26349476,-0.21788521
406,74.97822,50.701027,0.22589235,0.087262005
407,73.83633,60.125294,-0.21372402,-0.3
408,81.32026,65.08801,0.005504172,-0.28121665
409,39.200558,17.413445,-0.1198025,-0.038901348
410,39.850918,65.77406,0.084703565,-0.2911532
411,71.453156,61.226925,-0.21628605,-0.1477796
412,18.391985,65.59093,0.02560469,-0.2641054
413,27.811855,72.035545,0.17027715,-0.082508646
414,46.99243,18.226122,0.06145408,0.114000045
415,40.62485,24.386646,-0.2395997,0.1426183
416,40.570538,14.109704,-0.2439698,0.3
417,38.456184,84.44349,0.038857196,-0.3
418,22.149467,17.607388,0.1443757,0.08467302
419,45.769836,19.178137,-0.28010878,0.3
420,22.399881,54.875916,0.3,-0.3
421,17.391546,80.190575,0.3,0.16215238
422,79.17333,58.75344,0.21214575,0.08771036
423,80.67042,48.166397,0.21898353,-0.06766958
424,21.4342,42.244164,0.24728131,0.3
425,35.6549,48.527184,0.23358163,-0.22909002
426,82.28136,51.84437,-0.03246029,-0.20977746
427,78.40211,42.73023,-0.049944267,0.296374
428,66.68171,44.981155,0.29918376,-0.28450722
429,43.065323,18.629683,-0.056833148,0.21408492
430,50.106556,66.40119,0.102157,-0.28797317
431,42.14347,24.03166,-0.06821798,0.083336525
432,27.79379,35.71882,0.139285,0.3
433,33.24933,50.132214,0.27361524,0.13242711
434,27.37803,73.8467,0.17583029,-0.010157615
435,79.39625,76.6432,-0.19653478,-0.3
436,79.929665,28.169464,-0.2190879,0.20191224
437,22.19688,52.31737,0.28674704,-0.24031216
438,55.312717,61.07004,-0.04929404,-0.22014186
439,42.224735,24.742002,0.26437616,0.2543181
440,61.66648,82.3738,-0.0748419,-0.3
441,33.999023,69.70596,0.06352606,-0.28839853
442,74.60813,33.99183,0.02540904,0.3
443,38.344406,63.79752,-0.10508648,0.08523752
444,74.93905,57.184216,0.2216572,0.21050267
445,70.62161,64.29465,-0.3,-0.18739201
446,22.168074,56.561913,0.020873193,-0.3
447,41.80134,16.265585,-0.3,0.29639652
448,18.531395,72.257034,0.28902707,-0.27872214
449,69.10263,41.483532,-0.13442938,0.3
450,26.79851,47.25857,0.26275563,0.21741958
451,63.569527,19.005981,-0.07536386,0.18029386
452,24.022879,56.319843,-0.15180549,-0.030573841
453,64.82716,45.029404,-0.29609808,-0.13257773
454,84.20942,24.987034,-0.26731476,0.2979968
455,17.07781,55.56067,-0.07951363,0.035287023
456,79.91462,68.97727,0.177159,-0.26582265
457,65.516106,47.041317,-0.3,-0.073789485
458,83.71297,48.01958,0.07175306,-0.08974378
459,37.875233,46.762775,0.2243905,0.0061115953
460,79.830055,70.529396,-0.29740617,-0.16038434
461,21.313171,70.74701,0.19926438,-0.21830027
462,69.27175,56.474323,-0.3,0.24863349
463,83.64927,22.239317,-0.19341817,0.19693488
464,22.680624,41.634453,0.29627702,0.28635472
465,19.219713,67.91716,0.09558825,-0.20547464
466,82.15783,92.566574,-0.29525116,-0.2859626
467,16.547941,34.81723,0.29041114,0.3
468,33.748814,61.227364,0.099240616,-0.29542384
469,83.027885,25.815075,-0.24647409,0.3
470,83.39456,73.23851,-0.009791718,-0.29366574
471,26.464544,42.29892,-0.030734215,-0.23078936
472,81.45718,36.29278,-0.2126517,0.3
473,71.14174,12.534565,-0.06843535,0.29299086
474,23.347286,42.14629,-0.07774081,-0.2624195
475,19.316954,51.988163,9.719096E-4,-0.033389483
476,23.83941,43.288017,0.26262292,-0.21813317
477,27.937035,50.690575,-0.2471798,-0.00338258
478,81.650986,71.17703,-0.05018271,-0.28665128
479,20.498531,85.558266,0.18145326,0.0763327
480,81.91179,87.02169,-0.26391014,-0.3
481,79.72439,68.49484,-0.101831675,-0.2684725
482,71.43063,58.532566,-0.28905544,0.21574554
483,15.120949,35.611828,0.24905783,0.3
484,24.018261,46.461163,0.1199617,0.3
485,62.47338,55.212326,0.12750404,-0.28658748
486,20.41849,66.8301,0.3,-0.04054844
487,80.44249,62.801456,-0.07317131,-0.2520512
488,57.453762,82.63948,0.10086739,-0.09822383
489,65.350655,51.31969,-0.16216472,-0.12341091
490,26.33844,56.57444,-0.077523135,0.012449087
491,24.10356,39.809586,-0.19157372,-0.092841275
492,71.5197,11.656459,-0.091152355,0.22476691
493,47.029842,11.483305,-0.15347347,0.3
494,14.284279,73.65438,0.11819806,-0.23428822
495,19.277477,75.09721,0.29303786,-0.22095545
496,31.902311,51.14171,0.26832613,0.22482671
497,68.087456,12.338988,-0.10789931,0.07482377
498,27.094248,51.011665,-0.054903712,0.3
499,82.81333,32.84941,-0.09210569,0.29885885
500,76.658,58.38604,-0.29317218,0.19400342
501,42.493095,59.24909,0.12285124,-0.3
502,70.46316,49.40658,-0.18936679,0.3
503,69.97513,57.890945,-0.2271807,0.17602614
504,44.65839,25.70018,0.20143026,0.2878297
505,24.604015,49.803185,0.25983566,0.07541873
506,67.77896,60.4983,-0.12027559,0.19617033
507,41.633926,59.831543,-0.24213903,0.11351813
508,28.738596,52.365166,0.19686812,-0.3
509,77.3562,37.903183,-0.18222189,0.3
510,31.554869,49.272804,0.26287496,0.002924617
511,83.93228,43.311916,-0.0432606,0.3
512,43.113987,50.72867,0.15894403,-0.3
513,72.398056,58.638515,-0.24553147,0.22109236
514,88.41758,16.044424,-0.0276996,0.25301114
515,83.30357,66.30789,0.10083393,-0.3
516,68.20224,49.957188,-0.047827028,-0.06569924
517,48.1214,18.92747,0.25741595,0.26895198
518,44.344288,15.974272,0.20044737,0.3
519,79.01538,86.15115,-0.29238725,-0.29672992
520,49.174072,83.565575,0.09671989,-0.3
521,33.06035,48.710472,0.26581684,-0.29986727
522,55.06542,87.34164,0.14318305,-0.3
523,41.243618,48.204178,-0.2378513,0.2569316
524,49.698204,17.022943,0.23233433,0.3
525,57.56906,85.44681,0.03867148,-0.3
526,81.500946,42.089645,-0.18008457,0.3
527,63.887856,57.118828,0.121804275,0.27712184
528,55.363125,61.963997,0.120176435,-0.2781073
529,80.885254,55.17907,0.11190409,-0.2829217
530,22.477783,54.005333,0.3,-0.2857305
531,72.66853,50.87313,-0.2945736,-0.16246992
532,40.17348,17.582455,-0.026756821,-0.03496925
533,78.77858,80.748886,0.17322922,-0.3
534,30.151073,42.26987,0.18329486,-0.059848085
535,75.86378,58.52523,-0.3,0.1869819
536,72.0667,64.3258,-0.22566125,0.0029979392
537,74.332664,55.76359,-0.18657216,-0.23943286
538,78.59204,53.474613,-0.29298183,-0.1825691
539,79.73704,58.255844,0.19626343,-0.22846809
540,77.91926,73.606766,0.19725707,-0.3
541,63.756496,22.17117,-0.006736759,0.22488801
542,37.055954,17.703323,-0.24352254,0.010516546
543,44.315845,50.545563,-0.13008367,-0.22190696
544,33.396854,50.506847,-0.16006368,-0.16557683
545,49.968315,72.21229,0.02502551,-0.26901296
546,74.172844,12.35267,-0.16844702,0.221904
547,39.56436,19.615671,-0.06596595,0.15215722
548,72.58247,63.523937,0.006403557,0.24652062
549,22.560371,43.42174,0.2801844,0.3
550,8.484336,9.928107,-0.07107458,0.14579909
551,64.43916,43.41071,0.26714075,-0.29959205
552,26.131742,47.102634,-0.2638617,-0.093437284
553,65.81489,44.57572,-0.2962707,-0.11179051
554,36.821964,20.008007,0.2888948,0.21879289
555,71.92183,57.221912,0.22204156,0.031491477
556,32.716774,51.090294,0.2790234,0.18446203
557,39.707188,44.55028,0.19471972,-0.101902284
558,40.2375,18.866873,0.032660656,-0.109340966
559,74.27155,86.07627,0.21042792,-0.26598164
560,7.8023834,18.179756,0.117934845,-0.067891605
561,27.632322,54.134716,-0.3,-0.09121841
562,75.6521,52.04848,0.116813205,-0.3
563,51.32341,53.419907,0.022205379,-0.24172638
564,68.53688,44.049118,-0.27070257,-0.23170832
565,29.233067,52.544342,-0.2774966,0.13547005
566,66.40746,62.012947,-0.3,-0.016518958
567,50.319103,59.2936,0.09574142,-0.3
568,70.853004,67.06787,-0.24288327,-0.3
569,67.82744,55.865692,0.27802926,0.10826428
570,13.725579,28.271683,0.11498252,0.27767688
571,47.25078,25.132778,0.1295475,0.3
572,39.54997,44.281925,0.27003425,-0.07639953
573,39.253178,72.2326,0.096641794,-0.27277786
574,72.61551,53.796753,-0.20886266,-0.3
575,24.646896,57.31684,0.072890885,0.07292022
576,65.93226,44.683857,-0.29621732,-0.23871848
577,12.110573,85.924614,0.24098799,-0.17585987
578,27.55758,41.696728,-0.2501987,-0.17827027
579,20.035137,71.832184,0.16753066,-0.124339685
580,7.209274,7.8613014,-0.032331675,0.11956247
581,78.46459,75.62454,-0.27746412,-0.2308099
582,80.61362,46.17054,0.20368943,-0.11302297
583,36.995358,27.66524,0.13522163,0.15261658
584,70.53526,58.2202,-0.19763064,0.17185667
585,81.06217,81.1763,-0.17229277,-0.3
586,21.297962,15.259271,0.11088292,0.1474924
587,36.554638,68.90477,0.03946708,-0.27327362
588,24.509003,44.321865,0.05175701,0.3
589,46.853397,57.0051,0.047551572,-0.3
590,57.907925,24.050053,-0.07365674,0.22145367
591,54.366676,87.82264,0.23097739,-0.3
592,13.652189,74.32094,0.1421511,-0.24919155
593,12.664725,74.537796,0.06844936,-0.2830248
594,84.26802,76.309525,-0.035514086,-0.3
595,11.901415,23.606945,0.26206455,0.077225074
596,78.76997,79.305466,-0.19275591,-0.3
597,14.60058,71.043144,-0.076308,-0.24746513
598,27.508339,43.79201,-0.123946786,-0.25150147
599,83.915016,11.521799,-0.03397083,0.2618821
600,73.67196,66.71299,0.23112544,-0.29310703
601,73.010506,57.463596,-0.22557503,0.14005163
602,32.109333,67.113335,-0.07053693,-0.3
603,75.382835,51.53084,-0.3,-0.2576525
604,89.20794,13.915973,-0.28696245,0.19349349
605,31.11412,51.68032,-0.28186744,-0.19481415
606,78.76997,79.305466,-0.19275591,-0.3
607,76.705505,63.004158,-0.18126455,-0.24283691
608,75.51615,69.7737,-0.2406926,-0.24098867
609,68.21856,51.033344,-0.0075827735,-0.03401992
610,52.762264,47.907772,-0.056730166,-0.2689806
611,14.281243,82.38047,-0.08240834,-0.10499713
612,72.02814,59.130703,-0.3,0.15392172
613,57.438698,13.914624,-0.120734856,0.22243449
614,29.621061,43.763,0.22911726,-0.08667679
615,36.020638,37.493816,0.05023507,0.3
616,44.021255,28.529634,0.23505655,0.2991191
617,53.42647,46.70156,0.018626591,0.17081177
618,68.89426,54.151134,-0.0980989,-0.14659677
619,48.574646,63.81505,0.035972543,0.19722724
620,78.47826,49.168343,0.1139379,0.29758486
621,85.2982,44.726467,-0.2825576,0.3
622,42.793137,26.292662,0.18221171,0.18991111
623,16.531206,84.80289,-0.14397769,-0.29522872
624,54.6742,88.309425,0.12542103,-0.3
625,78.578896,77.14365,-0.28361568,-0.3
626,28.959955,40.65045,-0.1444023,0.3
627,73.46456,56.96983,0.24188681,0.031227501
628,76.354866,51.5353,-0.2966808,-0.19633211
629,47.737923,75.01436,0.14023648,-0.25736016
630,3.533049,12.763995,0.010434169,0.0560716
631,33.176258,44.992416,0.17242514,-0.24568903
632,71.9774,49.972218,-0.28913677,-0.03614907
633,52.695126,46.600853,0.062883735,0.14012258
634,81.80073,56.630455,-0.10990866,-0.3
635,27.458233,42.45286,-0.15051712,-0.18429649
636,29.11533,48.139038,-0.12422576,0.3
637,53.321144,82.45235,0.12671871,-0.3
638,84.337975,79.45665,-0.042809024,-0.3
639,81.23794,20.787327,0.0028070302,0.19514903
640,10.749417,12.183092,-0.09415536,0.066720195
641,29.044489,48.10595,0.19570383,-0.22298661
642,30.839458,39.71789,0.15679193,-0.1761471
643,71.65746,62.00378,0.07156871,0.22435349
644,81.98828,76.2632,0.113192126,-0.3
645,47.847134,22.696236,0.23810722,0.3
646,77.92149,63.148,0.19448231,0.27963412
647,73.306076,61.977592,0.2597082,0.23875442
648,72.75539,62.840797,-0.042521875,0.18586218
649,80.888306,50.55104,0.20293848,0.112511955
650,35.1552,52.419613,0.16633236,-0.013866233
651,22.117025,52.074535,-0.04131504,0.22178507
652,39.690624,63.467354,0.031036695,-0.29706442
653,34.587738,73.59932,0.052732833,-0.29513595
654,88.54112,18.0484,-0.13960853,0.25275996
655,36.611824,48.618717,-0.096334174,-0.25989616
656,77.732216,54.64729,0.085617214,0.1898098
657,28.053593,58.217194,0.07284862,0.0732834
658,8.484336,9.928107,-0.07107458,0.14579909
659,36.395695,14.894177,-0.17568126,-0.043369774
660,72.96544,56.85648,-0.3,0.09045689
661,49.39391,47.24031,-0.19428569,0.3
662,70.01299,58.13622,-0.3,0.19201274
663,23.081415,88.49281,0.087076746,0.08807475
664,14.236457,27.79906,0.291291,0.15958676
665,48.26413,16.647648,0.2497899,0.3
666,77.71212,38.21556,-0.2977689,0.3
667,31.27147,42.976646,-0.14494729,-0.14883752
668,20.209757,46.563416,0.25702074,-0.28474215
669,78.63268,50.53645,0.10390594,0.005425543
670,44.20767,60.30936,0.19035544,-0.3
671,37.76478,46.201763,0.2396258,0.071070924
672,15.498125,77.176674,-0.009278652,-0.243182
673,21.317698,46.559628,0.12136392,0.3
674,68.31575,54.068295,-0.28795248,-0.2979186
675,48.52827,63.18559,0.095897056,-0.29664093
676,24.361832,41.029488,-0.20654456,-0.09530297
677,23.619282,54.846,0.3,-0.3
678,84.13324,25.928268,-0.2985104,0.28600913
679,39.56436,19.615671,-0.06596595,0.15215722
680,79.7487,67.464714,-0.28912425,-0.27704558
681,22.66182,53.31165,-0.017006082,0.25682706
682,16.10523,74.088875,0.22837462,-0.2210076
683,65.520615,23.559631,-0.048330143,0.22987211
684,69.85225,54.274197,-0.3,0.21031886
685,17.199318,42.844597,-0.3,-0.2504262
686,84.8342,43.4604,-0.12713552,0.3
687,33.43161,47.31437,0.19054292,0.068624064
688,45.954163,18.354713,-0.29346415,0.2998883
689,77.1902,85.15686,0.079182774,-0.3
690,25.079708,77.69518,0.21973912,0.03824974
691,17.647385,80.37069,-0.1051711,-0.19950445
692,42.072685,14.738239,-0.19456601,0.28354424
693,7.787686,12.998492,-0.046223998,-0.03117259
694,88.50465,12.7390785,-0.26789892,0.19532064
695,16.313005,75.325,0.2804351,-0.25223666
696,47.230072,73.32179,0.13176131,-0.26829892
697,65.360794,51.38915,0.17106766,-0.26093173
698,26.244528,46.97498,-0.2676252,-0.089826204
699,35.32853,57.560135,0.26310608,0.07725532
700,77.91909,53.405617,-0.08907697,-0.24487458
701,30.206123,46.897385,-0.18714003,-0.2247416
702,5.270287,4.982255,0.2465,-0.008312574
703,35.94872,42.643837,0.17841686,-0.11559866
704,36.241917,62.805443,0.10593009,-0.3
705,48.704575,45.42289,-0.1642498,0.3
706,70.81644,58.34684,-0.22671147,0.17892942
707,17.790443,34.85609,0.28988308,0.3
708,25.18142,42.693417,0.05922521,0.3
709,51.833843,51.037952,0.066287436,-0.25743216
710,41.07504,15.847072,-0.16215283,0.3
711,27.261063,42.678005,-0.16571695,-0.21598458
712,31.564133,53.45829,0.27397627,0.2470104
713,68.86138,54.051575,-0.08199075,-0.20870855
714,73.42954,61.32175,-0.3,-0.120190494
715,72.977036,70.733215,0.22757067,-0.29894996
716,65.198746,30.227076,0.056374934,0.22181118
717,69.51747,42.382137,-0.2629686,-0.21904187
718,57.41244,82.45575,0.21627991,-0.2617951
719,57.744183,13.503134,-0.16249092,0.23075409
720,16.014883,35.4751,0.3,0.3
721,75.288765,45.794327,0.22150274,-0.17593876
722,76.82655,58.206524,0.0779803,0.20648731
723,42.38987,27.300844,-0.15799688,0.08030061
724,23.877392,61.189198,0.12769724,-0.3
725,39.82996,18.312544,-0.081496745,0.14313044
726,68.6001,61.927704,-0.15682633,0.20213097
727,25.538153,59.889545,0.047715195,-0.3
728,73.76813,50.730186,0.17171246,0.29802683
729,38.94962,51.1784,0.25187153,-0.3
730,50.89738,66.0445,-0.013951142,-0.3
731,23.537298,72.11693,0.14241089,-0.09137976
732,59.134396,11.125248,-0.13117363,0.22609773
733,39.685707,59.103683,0.02941985,0.17146286
734,43.10625,20.804478,0.08856607,-0.079981305
735,28.619467,46.063126,0.048787683,0.0721289
736,74.543205,53.88316,0.014643937,0.023864124
737,21.863148,60.689632,-0.07968952,0.0578162
738,72.106285,51.91566,-0.2891165,-0.27278242
739,80.03282,45.014587,-0.02813309,-0.09608272
740,75.91196,52.26766,-0.29284486,0.24306501
741,37.895767,42.44996,0.27236864,-0.09138829
742,77.91266,86.45822,0.11994413,-0.3
743,64.792595,33.753902,0.04302621,0.2930754
744,16.207834,88.20007,-0.15742256,-0.24502686
745,64.42588,22.75132,0.012329193,0.16794834
746,33.778477,48.66,0.2502478,0.03546768
747,43.63442,60.183075,0.13078657,-0.3
748,57.169773,49.646637,0.105501086,0.12907787
749,85.629166,22.489456,-0.2894912,0.287564
750,36.29949,27.16337,0.2053297,0.21723343
751,77.88071,81.9958,-0.29356742,-0.29813403
752,61.805073,44.763687,0.23965901,-0.3
753,27.05261,50.99881,-0.2945741,-0.12499804
754,48.468956,47.70556,-0.033990785,0.29510403
755,48.088573,43.413143,-0.026681382,0.3
756,18.975504,15.605415,0.06737137,0.18993004
757,75.91206,55.113827,-0.29956207,0.17829424
758,40.39499,43.311813,0.29487264,-0.115990914
759,68.33222,51.957752,-0.018068152,-0.08780196
760,35.811424,52.74511,0.14081262,-0.03280568
761,41.96587,16.784811,-0.3,0.029606342
762,30.089815,41.948044,-0.16451979,-0.16021755
763,18.171415,55.30354,0.036062304,0.0667301
764,52.153423,73.42584,0.1389878,-0.24408507
765,30.148127,49.758694,0.27107906,0.057905942
766,78.12303,19.592012,-0.11862383,0.17077592
767,65.84707,28.04825,0.039012868,0.26759973
768,66.33455,10.994586,-0.08389671,0.15062739
769,65.776855,26.980185,-0.17431962,0.2738549
770,80.76546,61.36069,-0.29664308,-0.17093323
771,23.882006,74.114494,0.19762936,-0.10170067
772,44.834583,22.399706,0.24557598,0.0846778
773,74.92459,54.21078,-0.21197972,0.15955006
774,71.57485,47.81001,-0.13955197,0.07431079
775,43.777466,71.35792,0.1481062,-0.2494611
776,47.85359,63.412857,0.14776927,-0.2957565
777,11.845965,12.351405,-0.14400044,0.16474515
778,69.377266,50.09921,-0.25522554,-0.020946112
779,54.02486,46.987408,0.060530186,0.14599086
780,35.10333,45.347233,0.20517851,-0.24770705
781,77.02284,52.985565,-0.2937843,-0.24883476
782,21.012053,61.153725,0.07384644,-0.3
783,15.294869,72.531166,-0.04187987,-0.2768789
784,35.48282,29.095083,0.026094552,0.07156151
785,39.238247,22.157003,0.24919176,0.1870807
786,73.70934,47.661003,-0.2996955,-0.13936198
787,13.887548,82.258446,0.27271178,-0.1612977
788,61.154053,14.156055,0.019229088,0.3
789,54.83303,64.51556,0.1310213,0.17042316
790,67.55116,60.83871,0.23980863,0.19778748
791,75.73163,50.802837,-0.11546402,-0.14771107
792,39.85478,43.607544,0.28945488,-0.024751684
793,67.10267,46.837658,0.08184684,0.2754009
794,15.976831,35.587734,0.3,0.3
795,18.25445,78.63956,0.29828668,-0.077735335
796,73.37299,62.181744,0.03435284,0.22137251
797,35.731487,63.690464,-0.1281271,0.08002624
798,55.637104,64.420044,0.008288582,-0.3
799,85.10313,71.66175,0.046114706,-0.28257865
800,83.63458,23.320818,0.0863438,0.24552837
801,80.234604,77.14226,-0.1681757,-0.3
802,39.000683,23.640324,-0.25108385,0.05653445
803,57.61484,40.334423,0.045263346,0.26703903
804,44.67562,13.457532,-0.3,0.109829
805,50.828682,41.42535,-0.037988406,0.29220918
806,49.808018,49.341873,-0.040392734,-0.26328778
807,68.43608,57.60724,0.13734582,0.26813525
808,82.84193,45.403225,0.16067405,-0.15277874
809,89.43759,10.798292,-0.06552533,0.2865458
810,4.2308474,18.945858,0.031143006,0.112161435
811,50.682877,61.33617,0.03406756,0.29391357
812,83.31038,34.91217,-0.10328093,0.3
813,0.5411229,11.016827,0.0013547994,0.07690778
814,28.880232,18.242735,0.2405088,0.09177368
815,46.328503,15.713987,0.02420673,0.12029184
816,63.360607,54.46622,0.15016006,-0.22843571
817,33.396854,50.506847,-0.16006368,-0.16557683
818,50.660515,76.641396,-0.013184885,-0.22652769
819,79.234825,52.765617,-0.013661929,0.17536168
820,85.91502,48.74651,0.15057823,-0.025883112
821,20.683771,42.658653,0.2564151,-0.21083859
822,68.88828,51.735542,0.29732528,-0.08038251
823,28.295683,56.4115,-0.10485313,-0.088444725
824,22.364853,78.685745,-0.1297322,-0.23766097
825,65.54038,42.51103,0.17721947,-0.17951207
826,45.437733,29.81155,0.27368677,0.24183676
827,69.16071,60.202427,-0.08556485,0.20540215
828,71.115585,53.46574,-0.12597016,0.17811118
829,24.525496,41.596428,0.24909794,-0.07489086
830,45.26627,16.472889,-0.102816656,0.29933798
831,71.14174,12.534565,-0.06843535,0.29299086
832,76.96452,49.991276,0.15680568,0.10347074
833,14.140068,72.97722,-0.043120343,-0.054755297
834,41.06134,68.802216,0.20412476,-0.2796754
835,12.107017,12.091686,-0.11125923,0.116496876
836,43.362713,17.507109,-0.20254393,0.076911196
837,38.34509,29.034897,0.15500183,0.26683855
838,70.7899,47.16913,-0.03434118,-0.027130177
839,38.57163,28.427732,0.16374871,0.19921131
840,19.009727,38.186222,0.26407644,0.3
841,77.37517,51.353226,-0.038455565,-0.20457733
842,19.78042,82.90872,0.28641024,0.20380001
843,36.611824,48.618717,-0.096334174,-0.25989616
844,77.91909,53.405617,-0.08907697,-0.24487458
845,42.948505,23.361622,0.22023235,0.0643378
846,83.39456,73.23851,-0.009791718,-0.29366574
847,75.35878,59.301125,-0.087439775,0.1264708
848,56.243275,62.108498,0.12603287,-0.24254626
849,64.51607,50.729607,-0.264399,0.14292379
850,85.44501,89.44441,-0.18155193,-0.3
851,76.134705,62.0131,-0.29769742,-0.18834707
852,16.014042,55.55531,-0.24753444,-0.07153865
853,4.0933175,8.582457,0.12503263,-0.029044297
854,74.23521,14.241674,-0.1540023,0.20941171
855,34.492767,46.40354,0.16964872,0.11099497
856,81.295074,42.46127,0.20636524,0.04281657
857,75.30379,54.40475,-0.13570787,-0.2389083
858,82.23679,57.806797,-9.660991E-4,-0.10340803
859,18.60986,50.882507,-0.13903697,-0.1736427
860,76.14264,67.02431,-0.18657444,-0.27028862
861,48.661858,26.02535,0.16363697,0.3
862,17.51123,85.32699,0.16050087,-0.29773593
863,21.53229,88.47193,0.14290847,0.13852471
864,82.013916,47.57833,0.09826435,-0.11633894
865,78.73754,18.933239,-0.1185617,0.1839493
866,67.585686,52.80788,-0.021003725,0.081700474
867,40.605335,14.224266,-0.24313977,0.3
868,49.167873,21.799576,0.20746915,0.2963397
869,72.88814,53.824806,-0.19620144,-0.3
870,19.99925,40.658802,0.259504,0.3
871,74.44609,53.461487,0.24943274,-0.3
872,83.57167,23.431705,-0.22150382,0.08327653
873,26.208132,37.811913,0.08200756,0.3
874,26.02843,41.116623,-0.18218613,0.28366235
875,73.396576,9.9679575,-0.11729406,0.3
876,80.186386,80.40988,0.23913915,-0.3
877,73.3275,45.830505,-0.24814357,-0.15327728
878,30.958473,42.972855,-0.010973994,-0.034770306
879,66.49715,58.40834,-0.2994239,-0.073263235
880,45.182487,23.315771,0.10919838,0.118255265
881,41.000328,64.381966,0.12040999,-0.3
882,40.821888,18.89766,0.2415941,0.27556098
883,81.3587,73.081505,-0.014894743,-0.3
884,42.542114,14.410489,-0.21639101,0.27987242
885,75.047356,53.853893,-0.018301327,0.15608276
886,10.053424,83.91531,-0.09895225,-0.18742438
887,22.117025,52.074535,-0.04131504,0.22178507
888,14.973333,80.36288,0.028970543,0.003112881
889,24.931873,87.43965,-0.09081073,-0.24450852
890,14.313624,80.85717,0.29090866,-0.18748201
891,28.472157,56.743874,0.22575329,-0.3
892,39.493073,46.50457,0.2906472,-0.26261458
893,44.789837,8.420473,-0.29964,-0.030303672
894,59.22833,36.647743,-0.08016444,0.3
895,23.09675,47.003716,-0.018837096,0.24500006
896,83.85884,38.840843,-0.18438232,0.3
897,28.275908,83.17387,-0.10760706,-0.28792024
898,84.93161,24.744942,-0.2543528,0.071186155
899,55.648895,88.21077,0.11831429,-0.3
900,72.01371,64.43392,-0.3,-0.24308465
901,69.93575,60.311073,-0.18342358,0.1234888
902,62.47338,55.212326,0.12750404,-0.28658748
903,82.75556,29.654396,0.055785023,0.3
904,78.46459,75.62454,-0.27746412,-0.2308099
905,62.294422,76.1662,0.058674045,-0.29029402
906,70.39995,57.565525,-0.3,0.2277682
907,88.56665,16.020813,-0.09194589,0.23563606
908,70.20545,43.708916,-0.05096411,-0.21568124
909,78.89703,72.61965,-0.27604195,-0.20202328
910,39.85478,43.607544,0.28945488,-0.024751684
911,34.014202,53.61307,0.3,0.24424191
912,56.055176,86.013504,0.24068458,-0.3
913,26.845497,82.84488,-0.029157266,-0.29680267
914,76.55074,12.098982,-0.16882959,0.24696705
915,42.471344,19.097239,0.060913246,-0.09291697
916,25.132347,43.019943,0.2940911,0.26283598
917,82.92234,74.30081,0.061175562,-0.29956305
918,41.294533,14.825948,-0.3,0.28482318
919,81.49206,53.56547,-0.009654332,-0.21826665
920,17.220047,70.40561,0.055783372,-0.09575738
921,35.02881,37.846855,0.072135866,0.3
922,82.349236,26.944895,0.09334141,0.28848842
923,70.301025,73.15503,-0.22287872,-0.2107842
924,30.128971,48.811005,0.25065178,-0.28201514
925,5.6235647,91.70155,0.23420985,-0.24530625
926,79.31146,46.967915,0.2382374,-0.14099869
927,72.4706,47.76106,-0.045803636,0.0018139052
928,68.30827,43.68942,-0.27576548,-0.24832155
929,61.587036,81.88396,-0.016542632,-0.3
930,42.04894,11.623493,-0.3,-0.11156788
931,72.35021,62.009,-0.03770832,0.22962314
932,35.531597,52.930317,0.21415438,-0.28269184
933,70.58428,50.660324,-0.17506744,0.037498053
934,12.050991,77.14533,0.03842893,-0.2948139
935,54.66785,88.674934,0.110045254,-0.3
936,53.168495,60.044693,0.099040926,0.15025473
937,76.05885,60.371113,0.26589194,0.2035477
938,72.17646,52.56749,-0.23984015,-0.29807615
939,38.260773,30.791399,0.08403142,0.099690616
940,58.73169,14.438929,-0.050233945,0.27595684
941,12.025365,73.83095,0.090492934,-0.06980734
942,70.9332,52.522373,-0.20817982,0.047148734
943,22.357265,80.61861,0.28167865,0.19277075
944,30.87861,52.32625,-0.0972173,-0.3
945,23.09871,52.27642,-0.013330291,-0.049498264
946,29.16012,45.601112,0.29452732,-0.041298423
947,9.059491,24.982473,0.06922743,0.18910223
948,28.69968,39.613575,-0.1331734,0.3
949,85.556595,18.793804,-0.17145672,0.05884734
950,82.35152,82.09346,-0.15575,-0.3
951,45.326412,23.457998,0.24933957,0.15795913
952,13.29413,74.7189,0.10554225,-0.2883102
953,54.03157,44.80621,0.049443968,0.050969165
954,47.74278,20.668066,0.11998846,0.14070867
955,71.70491,65.02309,-0.2517674,0.023852255
956,53.30985,46.95478,-0.07657951,0.27445436
957,17.52161,34.123444,0.2947443,0.3
958,26.6044,51.44402,-0.3,-0.23936448
959,21.070154,73.245056,0.009555612,-0.1229889
960,84.73634,37.3963,-0.14289728,0.3
961,83.49914,24.89765,-0.24650818,0.055547975
962,46.798378,35.244495,0.0560507,0.23093714
963,14.40334,16.895086,0.011727201,0.12199059
964,51.730522,55.145065,0.021021025,-0.1217196
965,45.765625,57.537556,-0.14462104,-0.26778638
966,26.46252,44.21299,0.001474974,-0.23889329
967,31.85757,54.37243,0.03547022,0.20058873
968,72.99546,54.444595,-0.10171077,-0.028535657
969,5.2305503,13.212008,0.08883233,-0.00784776
970,61.1245,80.59177,-0.09658613,-0.26541758
971,54.04677,83.14451,0.13358195,-0.3
972,35.295105,48.052727,0.24075876,-0.21323535
973,65.22719,54.80708,0.3,-0.0012488309
974,75.37226,54.85925,-0.3,-0.16553713
975,50.36426,61.809704,0.13842396,-0.13499275
976,46.503185,24.096594,0.21364696,0.19490518
977,39.3379,41.54392,5.878997E-5,0.23885705
978,18.5667,39.201233,0.16986606,0.3
979,76.36023,42.196407,-0.018789642,0.2898821
980,81.87938,74.588,0.18673576,-0.3
981,26.746803,42.50646,0.23157445,-0.25264803
982,18.101366,46.714962,-0.24545437,0.23423153
983,30.868599,44.13448,0.23786509,-0.12537016
984,31.761133,53.678402,0.27023566,0.07694622
985,17.156942,84.07555,0.044119466,-0.11439964
986,17.81144,84.09646,-0.19263804,-0.23764937
987,69.58654,55.99577,-0.3,0.24337038
988,10.898749,82.70767,0.21994779,-0.12003443
989,74.957016,49.194355,0.055939347,0.29838228
990,53.507362,45.818146,-0.07304299,0.2393795
991,70.205696,56.914062,0.20852596,-0.10960544
992,88.96305,26.12145,-0.11102529,0.08757387
993,90.57679,10.627862,-0.0020781986,0.24632323
994,86.19906,61.754406,-0.3,-0.08390267
995,47.311752,26.283382,0.006001451,0.02424333
996,34.80591,50.499573,-0.08952238,-0.28092661
997,46.409863,22.027563,-0.021941267,0.034241002
998,10.886743,27.341282,0.12494039,0.1932236
999,29.638817,84.58921,-0.022303548,-0.15420474
1000,17.839365,77.13737,0.115444705,0.016126841
1001,40.28591,59.00803,-0.0117694475,-0.19023499
1002,49.906067,65.7754,0.16595064,-0.20742582
1003,82.389656,7.3177805,-0.02190303,0.22093727
1004,59.630928,82.33898,-0.05600256,-0.2470202
1005,54.3613,90.222015,0.12931496,-0.3
1006,6.333558,9.461898,0.041545495,0.021227965
1007,68.70828,7.3873215,-0.16317052,0.23619825
1008,92.46728,37.237034,-0.3,0.24969484
1009,61.50367,83.138565,0.036138628,-0.03397989
1010,33.365807,14.041559,0.17244793,0.20810221
1011,73.563614,79.760475,0.11516347,-0.19622904
1012,50.267582,24.68276,-0.12141702,0.22184992
1013,70.48187,9.225271,-0.08640021,0.1877941
1014,16.479418,77.0557,0.046596434,0.010471122
1015,64.06644,49.24507,0.14635049,0.23839931
1016,85.44322,60.732975,-0.3,-0.16136461
1017,17.041134,54.23005,0.07914502,-0.22904377
1018,34.588276,23.387608,0.1503043,0.18428113
1019,75.97099,82.656906,0.084315605,-0.23439504
1020,11.873647,77.535675,0.18369119,-0.023570457
1021,18.825077,36.007683,-0.05298528,0.3
1022,9.589039,73.5308,0.26204267,0.03374627
1023,93.719574,14.663522,-0.16059628,0.13595957
1024,92.50883,85.04045,-0.21850416,-0.16153742
1025,23.93968,20.569494,0.11536861,0.106810935
1026,41.230473,88.861565,0.09628389,-0.277729
1027,74.465866,8.775183,-0.05277204,0.2594877
1028,96.822784,8.003926,-0.16468576,0.05296915
1029,30.791695,49.32113,0.015950006,-0.15655266
1030,10.43351,20.393976,0.04270366,0.08930213
1031,27.028452,24.110811,0.17268515,0.18829218
1032,18.805025,91.29189,-0.10664642,-0.15304917
1033,5.904661,88.53504,0.17916636,-0.019211369
1034,13.796743,36.89745,0.3,0.24879743
1035,26.668547,87.8022,0.018184204,-0.12667422
1036,71.50446,91.15514,0.10737381,-0.052653704
1037,64.472305,57.390526,0.1127756,0.0013465213
1038,23.094072,70.54337,-0.033219516,-0.12608777
1039,32.575005,51.47768,0.02735369,-0.2208495
1040,23.131895,38.820847,-0.11213796,0.3
1041,15.650714,31.447697,0.14587563,0.2791782
1042,85.264755,95.91482,-0.13922912,-0.1802139
1043,71.540596,92.4526,0.14241134,-0.11129817
1044,22.294416,60.81176,0.16896753,-0.07809548
1045,19.822334,43.94332,0.20336127,-0.09660869
1046,24.03102,22.851774,0.07230269,0.14190587
1047,52.837997,38.53373,0.034435637,0.173769
1048,85.40776,71.19817,-0.23028618,-0.1405638
1049,41.33973,55.860207,-0.09945179,0.03677888
1050,55.53285,63.65073,0.0057932693,-0.081978984
1051,89.72221,88.42701,-0.16775358,-0.11278527
1052,14.268019,92.08186,0.056283012,-0.11140309
1053,10.955285,87.10238,0.12758751,-0.009634353
1054,54.389786,61.323627,-0.030175868,-0.09026657
1055,96.89349,11.634184,-0.11019921,0.061444715
1056,46.532433,16.11046,-0.06381846,0.028813588
1057,46.6378,41.057667,-0.008863971,0.017384447
1058,91.28751,63.219593,-0.29609397,0.031176556
1059,50.562546,97.070724,0.07014149,-0.14841673
1060,86.010345,51.95057,-0.23580545,-0.07101976
1061,71.722145,36.025494,-0.053150598,0.12522006
1062,52.400517,67.62959,0.11737328,-0.08409263
1063,36.239933,80.21538,0.017663281,-0.07229211
1064,83.632034,88.95397,-0.045264605,-0.095852144
1065,10.836175,92.78213,0.060800333,-0.120355606
1066,48.895485,11.607378,-0.096456386,0.015245216
1067,56.826157,81.90227,0.020035207,-0.033382684
1068,3.4731383,90.16423,0.015677817,-0.041528624
1069,93.61551,90.095985,-0.06273248,-0.09443005
1070,82.84536,71.81338,-0.072528645,-0.08087457
1071,70.355484,38.73844,-0.074266724,0.0686077
1072,5.909596,32.143623,0.11444584,0.07532073
1073,40.4196,3.9351492,0.031172624,0.05951476
1074,97.2022,38.494156,-0.13400222,0.061189953
1075,11.191866,8.862444,-0.082705244,0.059628524
1076,53.27206,77.18255,-0.086977996,-0.033646744
1077,64.48804,42.628597,-0.045330223,-0.007341488
1078,29.950102,52.23645,-0.03573267,-0.08046093
1079,46.08901,54.9764,5.597824E-4,-0.0037922594
1080,77.27373,45.909603,0.030473525,0.034702923
1081,60.929028,68.08431,0.011798232,0.07374089
1082,72.22976,85.48772,0.02414846,-0.0029491524
1083,51.008694,73.386185,0.03576329,0.038263623
1084,35.27955,32.725994,0.011976089,0.016943954
1085,36.440376,35.33515,0.030283058,0.0261119
1086,70.0709,0.20366871,-0.013690848,0.027771238
1087,12.856086,9.066121,-0.113573074,0.022286214
1088,79.91782,54.844322,-0.06765432,-0.030769331
1089,91.93659,44.152958,-0.07637932,0.018808475
1090,58.06874,65.67954,0.009388366,-0.013904708
1091,68.9034,40.018112,-0.011847144,0.05635992
1092,50.564266,88.76126,0.0035911684,-0.03342515
1093,67.1766,76.49613,-0.0729202,0.0045109466
1094,8.704462,67.968765,0.01975949,-0.0021636789
1095,35.81066,16.415657,-0.0280331,0.034426514
1096,47.15321,70.38411,0.0067649046,-0.0013275947
1097,97.47945,43.455357,-0.04830341,0.003104322
1098,45.79186,70.41675,0.002274768,0.0030331276
1099,33.013687,3.9708316,-0.01248614,0.015666418
1100,3.739967,0.46696633,0.0058410126,0.019715333
1101,83.875275,52.22249,-0.016549964,-0.024828084
1102,66.981155,83.51216,-0.01754204,-0.01827798
1103,15.962148,49.85076,0.024132075,0.0019713289
1104,34.389412,78.14062,-0.0021301406,-0.0017137261
1105,84.71633,88.299164,0.005634444,-0.011376568
1106,14.290906,31.462795,0.0,0.0
